cluster,danceability,energy,loudness,speechiness,acousticness,instrumentalness,liveness,valence,tempo,cluster_name,size
0,0.5510555555555556,0.40208055555555555,-12.451027777777778,0.036175,0.5790519444444445,0.01676111861111111,0.15303333333333333,0.3612527777777778,104.68372222222223,Acoustic & Mellow,36
1,0.7406851851851852,0.6772037037037038,-10.721888888888888,0.05402592592592593,0.2281775925925926,0.01327372537037037,0.09111296296296295,0.8206666666666668,126.66105555555556,Uplifting & Danceable,54
2,0.6757142857142858,0.6898928571428572,-10.300785714285714,0.060564285714285716,0.06834967857142857,0.4136107142857143,0.12948928571428572,0.47235714285714286,113.41025,Instrumental & Produced,28
3,0.7139607843137254,0.7715098039215686,-6.732176470588236,0.055766666666666666,0.09192686274509804,0.0025616550980392156,0.19181176470588235,0.6313725490196079,119.46403921568628,Bold & Energetic,51
